source,native,name,p_value,significant,description,term_size,query_size,intersection_size,effective_domain_size,precision,recall,query,parents
GO:BP,GO:0002181,cytoplasmic translation,2.201429093525866e-124,True,"""The chemical reactions and pathways resulting in the formation of a protein in the cytoplasm. This is a ribosome-mediated process in which the information in messenger RNA (mRNA) is used to specify the sequence of amino acids in the protein."" [GOC:hjd]",144,97,73,11686,0.7525773195876289,0.5069444444444444,query_1,['GO:0006412']
GO:BP,GO:0006412,translation,7.700627319410668e-88,True,"""The cellular metabolic process in which a protein is formed, using the sequence of a mature mRNA or circRNA molecule to specify the sequence of amino acids in a polypeptide chain. Translation is mediated by the ribosome, and begins with the formation of a ternary complex between aminoacylated initiator methionine tRNA, GTP, and initiation factor 2, which subsequently associates with the small subunit of the ribosome and an mRNA or circRNA. Translation ends with the release of a polypeptide chain from the ribosome."" [GOC:go_curators]",445,97,76,11686,0.7835051546391752,0.1707865168539326,query_1,"['GO:0009059', 'GO:0010467', 'GO:0019538']"
KEGG,KEGG:03010,Ribosome,1.524773312432986e-75,True,Ribosome,238,83,72,3541,0.8674698795180723,0.3025210084033613,query_1,['KEGG:00000']
GO:BP,GO:0019538,protein metabolic process,2.8132367527652097e-40,True,"""The chemical reactions and pathways involving a protein. Includes protein modification."" [GOC:ma]",2495,97,84,11686,0.865979381443299,0.033667334669338675,query_1,"['GO:0043170', 'GO:0044238']"
GO:BP,GO:0010467,gene expression,1.5109601591117085e-37,True,"""The process in which a gene's sequence is converted into a mature gene product (protein or RNA). This includes the production of an RNA transcript and its processing, as well as translation and maturation for protein-coding genes."" [GOC:txnOH-2018, PMID:25934543, PMID:31580950]",2798,97,85,11686,0.8762886597938144,0.030378842030021443,query_1,['GO:0009059']
GO:BP,GO:0009059,macromolecule biosynthetic process,1.0942693133230882e-34,True,"""The chemical reactions and pathways resulting in the formation of a macromolecule, any molecule of high relative molecular mass, the structure of which essentially comprises the multiple repetition of units derived, actually or conceptually, from molecules of low relative molecular mass."" [GOC:mah]",3031,97,85,11686,0.8762886597938144,0.028043549983503793,query_1,"['GO:0009058', 'GO:0043170']"
GO:BP,GO:0009058,biosynthetic process,3.56004163600657e-31,True,"""A cellular process consisting of the biochemical pathways by which a living organism synthesizes chemical substances. This typically represents the energy-requiring part of metabolism in which simpler substances are transformed into more complex ones."" [GOC:curators, ISBN:0198547684]",3591,97,87,11686,0.8969072164948454,0.02422723475355054,query_1,['GO:0008152']
GO:BP,GO:0043170,macromolecule metabolic process,8.787530888449508e-22,True,"""The chemical reactions and pathways involving macromolecules, any molecule of high relative molecular mass, the structure of which essentially comprises the multiple repetition of units derived, actually or conceptually, from molecules of low relative molecular mass."" [GOC:mah]",4666,97,87,11686,0.8969072164948454,0.0186455207886841,query_1,['GO:0008152']
GO:BP,GO:0042254,ribosome biogenesis,4.2792344362771344e-20,True,"""A cellular process that results in the biosynthesis of constituent macromolecules, assembly, and arrangement of constituent parts of ribosome subunits; includes transport to the sites of protein synthesis."" [GOC:ma, PMID:26404467, Wikipedia:Ribosome_biogenesis]",253,97,27,11686,0.27835051546391754,0.1067193675889328,query_1,['GO:0022613']
GO:BP,GO:0022613,ribonucleoprotein complex biogenesis,4.3417051720896813e-20,True,"""A cellular process that results in the biosynthesis of constituent macromolecules, assembly, and arrangement of constituent parts of a complex containing RNA and proteins. Includes the biosynthesis of the constituent RNA and protein molecules, and those macromolecular modifications that are involved in synthesis or assembly of the ribonucleoprotein complex."" [GOC:isa_complete, GOC:mah]",344,97,30,11686,0.30927835051546393,0.0872093023255814,query_1,['GO:0044085']
GO:BP,GO:0044238,primary metabolic process,2.72255313682807e-17,True,"""The chemical reactions and pathways involving those compounds which are formed as a part of the normal anabolic and catabolic processes. These processes take place in most, if not all, cells of the organism."" [GOC:go_curators]",5464,97,88,11686,0.9072164948453608,0.016105417276720352,query_1,['GO:0008152']
GO:BP,GO:0042274,ribosomal small subunit biogenesis,6.609357008490371e-15,True,"""A cellular process that results in the biosynthesis of constituent macromolecules, assembly, and arrangement of constituent parts of a small ribosomal subunit; includes transport to the sites of protein synthesis."" [GOC:jl]",86,97,16,11686,0.16494845360824742,0.18604651162790697,query_1,"['GO:0022613', 'GO:0042254']"
GO:BP,GO:0008152,metabolic process,2.995391072176713e-13,True,"""A cellular process consisting of the biochemical pathways by which a living organism transforms chemical substances. This includes including anabolism (biosynthetic process) and catabolism (catabolic process). Metabolic processes includes the transformation of small molecules, as well  macromolecular processes such as DNA repair and replication, protein synthesis and degradation."" [GOC:go_curators, ISBN:0198547684]",6138,97,88,11686,0.9072164948453608,0.014336917562724014,query_1,['GO:0009987']
GO:BP,GO:0042255,ribosome assembly,7.584430788026916e-10,True,"""The aggregation, arrangement and bonding together of the mature ribosome and of its subunits."" [GOC:ma, PMID:30467428]",57,97,11,11686,0.1134020618556701,0.19298245614035087,query_1,"['GO:0042254', 'GO:0140694']"
GO:BP,GO:0022618,protein-RNA complex assembly,8.136365540888113e-09,True,"""The aggregation, arrangement and bonding together of proteins and RNA molecules to form a ribonucleoprotein complex."" [GOC:jl]",143,97,14,11686,0.14432989690721648,0.0979020979020979,query_1,"['GO:0022613', 'GO:0065003', 'GO:0071826']"
GO:BP,GO:0071826,protein-RNA complex organization,1.3025514962400702e-08,True,"""Any process in which macromolecules aggregate, disaggregate, or are modified, resulting in the formation, disassembly, or alteration of a ribonucleoprotein complex."" [GOC:mah]",148,97,14,11686,0.14432989690721648,0.0945945945945946,query_1,['GO:0043933']
GO:BP,GO:0042273,ribosomal large subunit biogenesis,7.906348011455514e-08,True,"""A cellular process that results in the biosynthesis of constituent macromolecules, assembly, and arrangement of constituent parts of a large ribosomal subunit; includes transport to the sites of protein synthesis."" [GOC:jl]",64,97,10,11686,0.10309278350515463,0.15625,query_1,"['GO:0022613', 'GO:0042254']"
GO:BP,GO:0009987,cellular process,4.0986054084372543e-07,True,"""Any process that is carried out at the cellular level, but not necessarily restricted to a single cell. For example, cell communication occurs among more than one cell, but occurs at the cellular level."" [GOC:go_curators, GOC:isa_complete]",9385,97,97,11686,1.0,0.010335641981885989,query_1,['GO:0008150']
GO:BP,GO:0044085,cellular component biogenesis,1.4586210884444021e-06,True,"""A process that results in the biosynthesis of constituent macromolecules, assembly, and arrangement of constituent parts of a cellular component. Includes biosynthesis of constituent macromolecules, and those macromolecular modifications that are involved in synthesis or assembly of the cellular component."" [GOC:jl, GOC:mah]",1613,97,37,11686,0.38144329896907214,0.022938623682579044,query_1,['GO:0071840']
GO:BP,GO:0000028,ribosomal small subunit assembly,3.8063517844456695e-06,True,"""The aggregation, arrangement and bonding together of constituent RNAs and proteins to form the small ribosomal subunit."" [GOC:jl, PMID:30467428]",31,97,7,11686,0.07216494845360824,0.22580645161290322,query_1,"['GO:0022618', 'GO:0042255', 'GO:0042274']"
TF,TF:M00488,Factor: DREF; motif: ASCTATCGATADNY,6.69344625187697e-05,True,Factor: DREF; motif: ASCTATCGATADNY,1331,98,27,13981,0.2755102040816326,0.0202854996243426,query_1,['TF:M00000']
GO:BP,GO:0065003,protein-containing complex assembly,0.0010138349245791287,True,"""The aggregation, arrangement and bonding together of a set of macromolecules to form a protein-containing complex."" [GOC:jl]",650,97,19,11686,0.1958762886597938,0.02923076923076923,query_1,"['GO:0022607', 'GO:0043933']"
GO:BP,GO:0006364,rRNA processing,0.0014745863122241553,True,"""Any process involved in the conversion of a primary ribosomal RNA (rRNA) transcript into one or more mature rRNA molecules."" [GOC:curators]",176,97,10,11686,0.10309278350515463,0.056818181818181816,query_1,"['GO:0006396', 'GO:0016072', 'GO:0042254']"
TF,TF:M07149,Factor: pnr; motif: TATCGATAGNY,0.0015074891671213344,True,Factor: pnr; motif: TATCGATAGNY,934,98,20,13981,0.20408163265306123,0.021413276231263382,query_1,['TF:M00000']
GO:BP,GO:0043933,protein-containing complex organization,0.0015142157319667855,True,"""Any process in which macromolecules aggregate, disaggregate, or are modified, resulting in the formation, disassembly, or alteration of a protein complex."" [GOC:mah]",734,97,20,11686,0.20618556701030927,0.027247956403269755,query_1,['GO:0016043']
TF,TF:M07149_1,Factor: pnr; motif: TATCGATAGNY; match class: 1,0.0017365636471358575,True,Factor: pnr; motif: TATCGATAGNY; match class: 1,240,98,10,13981,0.10204081632653061,0.041666666666666664,query_1,['TF:M07149']
TF,TF:M12368,Factor: SRYDELTA; motif: YTATCGATAKTT,0.0018429069052781541,True,Factor: SRYDELTA; motif: YTATCGATAKTT,1483,98,26,13981,0.2653061224489796,0.01753202966958867,query_1,['TF:M00000']
GO:BP,GO:0016072,rRNA metabolic process,0.003380119894146538,True,"""The chemical reactions and pathways involving rRNA, ribosomal RNA, a structural constituent of ribosomes."" [ISBN:0198506732]",193,97,10,11686,0.10309278350515463,0.05181347150259067,query_1,['GO:0016070']
GO:BP,GO:0140694,membraneless organelle assembly,0.0038740234797276767,True,"""The aggregation, arrangement and bonding together of a set of components to form a non-membrane-bounded organelle."" [PMID:28225081]",242,97,11,11686,0.1134020618556701,0.045454545454545456,query_1,['GO:0070925']
WP,WP:WP537,Translation factors,0.004811899938543258,True,Translation factors,38,6,4,371,0.6666666666666666,0.10526315789473684,query_1,['WP:000000']
GO:BP,GO:0000027,ribosomal large subunit assembly,0.007634696699381304,True,"""The aggregation, arrangement and bonding together of constituent RNAs and proteins to form the large ribosomal subunit."" [GOC:jl, PMID:30467428]",17,97,4,11686,0.041237113402061855,0.23529411764705882,query_1,"['GO:0022618', 'GO:0042255', 'GO:0042273']"
TF,TF:M12399,Factor: M1BP; motif: NNNNYGGTCACACTGNNN,0.012513128233728708,True,Factor: M1BP; motif: NNNNYGGTCACACTGNNN,505,98,13,13981,0.1326530612244898,0.02574257425742574,query_1,['TF:M00000']
TF,TF:M02343_1,Factor: ftz; motif: TTAATKA; match class: 1,0.021256247944376635,True,Factor: ftz; motif: TTAATKA; match class: 1,3624,98,43,13981,0.4387755102040816,0.011865342163355408,query_1,['TF:M02343']
GO:BP,GO:0071840,cellular component organization or biogenesis,0.02454024038707556,True,"""A process that results in the biosynthesis of constituent macromolecules, assembly, arrangement of constituent parts, or disassembly of a cellular component."" [GOC:mah]",3365,97,47,11686,0.4845360824742268,0.013967310549777118,query_1,['GO:0009987']
TF,TF:M07142,Factor: BEAF-32A; motif: NNNMNAMTATCGATA,0.024766920722061398,True,Factor: BEAF-32A; motif: NNNMNAMTATCGATA,1043,98,19,13981,0.19387755102040816,0.01821668264621285,query_1,['TF:M00000']
